,env_1_attack,env_1_decay,env_1_sustain,env_1_release,env_1_velocity,env_1_model_ads,env_1_model_analogue,env_1_model_digital,env_1_trigger,env_1_quantize,env_1_curve,env_1_release_on,env_1_key_follow,env_2_attack,env_2_decay,env_2_sustain,env_2_release,env_2_velocity,env_2_model_ads,env_2_model_analogue,env_2_model_digital,env_2_trigger,env_2_quantize,env_2_curve,env_2_release_on,env_2_key_follow
count,30.0,30.0,30.0,30.0,30.0,30.0,30.0,30.0,30.0,30.0,30.0,30.0,30.0,30.0,30.0,30.0,30.0,30.0,30.0,30.0,30.0,30.0,30.0,30.0,30.0,30.0
mean,2.8833333333333333,38.93333333333333,23.15,33.733333333333334,30.616666666666667,0.0,0.5333333333333333,0.4,0.0,0.03333333333333333,0.2,0.3,28.166666666666668,8.933333333333334,32.81666666666667,12.833333333333334,39.63333333333333,43.6,0.0,0.6333333333333333,0.2,0.0,0.0,0.13333333333333333,0.2,23.533333333333335
std,4.711840063245908,9.47094771259522,37.795536591069805,16.107255450911538,32.52364745347853,0.0,0.507416263404925,0.8136762043449726,0.0,0.18257418583505533,0.4068381021724863,0.46609159969939895,32.5841968607095,15.176395767959766,15.712110052403865,26.907354889071446,16.566445799771948,36.97958430232029,0.0,0.49013251785356093,0.6102571532587293,0.0,0.0,0.34574590364176044,0.4068381021724863,26.292431496972444
min,0.0,26.0,0.0,0.0,0.0,0.0,0.0,0.0,0.0,0.0,0.0,0.0,0.0,0.0,0.0,0.0,0.0,0.0,0.0,0.0,0.0,0.0,0.0,0.0,0.0,0.0
25%,0.0,31.225,0.0,21.0,0.0,0.0,0.0,0.0,0.0,0.0,0.0,0.0,0.0,0.0,21.75,0.0,28.0,0.0,0.0,0.0,0.0,0.0,0.0,0.0,0.0,0.0
50%,1.0,36.75,0.0,38.0,18.25,0.0,1.0,0.0,0.0,0.0,0.0,0.0,12.0,1.5,31.0,0.0,43.5,39.0,0.0,1.0,0.0,0.0,0.0,0.0,0.0,16.0
75%,1.5,42.75,33.0,44.75,56.75,0.0,1.0,0.0,0.0,0.0,0.0,1.0,52.25,8.875,40.5,3.75,50.0,73.75,0.0,1.0,0.0,0.0,0.0,0.0,0.0,38.5
max,15.0,61.0,100.0,62.0,100.0,0.0,1.0,2.0,0.0,1.0,1.0,1.0,91.0,60.0,67.0,100.0,69.0,100.0,0.0,1.0,2.0,0.0,0.0,1.0,1.0,100.0
