,env_1_attack,env_1_decay,env_1_sustain,env_1_release,env_1_velocity,env_1_model_ads,env_1_model_analogue,env_1_model_digital,env_1_trigger,env_1_quantize,env_1_curve,env_1_release_on,env_1_key_follow,env_2_attack,env_2_decay,env_2_sustain,env_2_release,env_2_velocity,env_2_model_ads,env_2_model_analogue,env_2_model_digital,env_2_trigger,env_2_quantize,env_2_curve,env_2_release_on,env_2_key_follow
count,7968.0,7968.0,7968.0,7968.0,7968.0,7968.0,7968.0,7968.0,7968.0,7968.0,7968.0,7968.0,7968.0,7968.0,7968.0,7968.0,7968.0,7968.0,7968.0,7968.0,7968.0,7968.0,7968.0,7968.0,7968.0,7968.0
mean,12.169450301204796,43.08450301204817,51.946701807228855,32.36723268072288,18.83431977911646,0.0,0.5209588353413654,0.3453815261044177,0.004643574297188755,0.030245983935742973,0.08697289156626506,0.3141315261044177,8.353947038152612,14.384564508032133,43.75912274096391,25.39317771084335,38.16511671686747,24.82739206827314,0.0,0.5032630522088354,0.35517068273092367,0.005271084337349397,0.023970883534136546,0.10278614457831325,0.2547690763052209,10.375048945783114
std,18.195562413033226,19.769205389090924,40.108659546838794,15.656049397961494,28.205195011643987,0.0,0.49959188496690254,0.7560068675967562,0.10559126488092162,0.1712741836167364,0.28181301405273945,0.4641981835149717,19.83870916589177,22.507180338151098,20.079603384862327,33.133559547864685,21.291402472968052,33.011859724060706,0.0,0.5000207301642882,0.7643745668568314,0.12763040813884038,0.15296802582709412,0.3036984169429989,0.43575867758546455,20.31670060274328
min,0.0,0.0,-10.0,0.0,0.0,0.0,0.0,0.0,0.0,0.0,0.0,0.0,0.0,0.0,0.0,-10.0,0.0,0.0,0.0,0.0,0.0,0.0,0.0,0.0,0.0,0.0
25%,0.0,31.0,6.32,20.0,0.0,0.0,0.0,0.0,0.0,0.0,0.0,0.0,0.0,0.0,32.0,0.0,20.0,0.0,0.0,0.0,0.0,0.0,0.0,0.0,0.0,0.0
50%,2.0,42.5,53.0,31.0,0.0,0.0,1.0,0.0,0.0,0.0,0.0,0.0,0.0,1.0,42.0,7.0,38.0,0.0,0.0,1.0,0.0,0.0,0.0,0.0,0.0,0.0
75%,17.0,50.0,100.0,45.0,35.0,0.0,1.0,0.0,0.0,0.0,0.0,1.0,0.0,21.5,51.0,41.33,50.0,50.0,0.0,1.0,0.0,0.0,0.0,0.0,1.0,14.2425
max,100.0,100.0,100.0,100.0,100.0,0.0,1.0,2.0,3.0,1.0,1.0,1.0,100.0,100.0,100.0,100.0,100.0,100.0,0.0,1.0,2.0,4.0,1.0,1.0,1.0,100.0
